Player,Years
Grant Hill,"1996, 1997, 1998, 2000, 2001, 2005"
Anfernee Hardaway,"1996, 1997, 1998"
David Robinson,"2000, 2001, 1996, 1998"
Dikembe Mutombo,"1996, 1997, 1998, 2000, 2001, 2002"
Shawn Kemp,"1996, 1997, 1998"
Alonzo Mourning,"1996, 1997, 2000, 2001, 2002"
Reggie Miller,"2000, 1996, 1998"
Terrell Brandon,"1996, 1997"
Jason Kidd,"1996, 1998, 2000, 2001, 2002, 2003, 2004, 2007, 2008, 2010"
Mitch Richmond,"1996, 1997, 1998"
Karl Malone,"1996, 1997, 1998, 2000, 2001, 2002"
Scottie Pippen,"1996, 1997"
Vin Baker,"1996, 1997, 1998"
Sean Elliott,1996
Clyde Drexler,"1996, 1997"
Shaquille O'Neal,"1996, 1997, 1998, 2000, 2001, 2002, 2003, 2004, 2005, 2006, 2007, 2009"
Hakeem Olajuwon,"1996, 1997"
Patrick Ewing,"1996, 1997"
Gary Payton,"1996, 1997, 1998, 2000, 2001, 2002, 2003"
Glen Rice,"1996, 1997, 1998"
John Stockton,"2000, 1996, 1997"
Charles Barkley,"1996, 1997"
Michael Jordan,"1996, 1997, 1998, 2002, 2003"
Juwan Howard,1996
Chris Webber,"1997, 2000, 2001, 2002, 2003"
Eddie Jones,"2000, 1997, 1998"
Chris Gatling,1997
Christian Laettner,1997
Kevin Garnett,"1997, 1998, 2000, 2001, 2002, 2003, 2004, 2005, 2006, 2007, 2008, 2009, 2010, 2011, 2013"
Joe Dumars,1997
Latrell Sprewell,"2001, 1997"
Tim Hardaway,"1997, 1998"
Detlef Schrempf,1997
Tom Gugliotta,1997
Kobe Bryant,"2016, 1998, 2000, 2001, 2002, 2003, 2004, 2005, 2006, 2007, 2008, 2009, 2010, 2011, 2012, 2013, 2014, 2015"
Rik Smits,1998
Antoine Walker,"2002, 2003, 1998"
Jayson Williams,1998
Steve Smith,1998
Tim Duncan,"1998, 2000, 2001, 2002, 2003, 2004, 2005, 2006, 2007, 2008, 2009, 2010, 2011, 2013, 2015"
Nick Van Exel,1998
Dale Davis,2000
Allan Houston,"2000, 2001"
Vince Carter,"2000, 2001, 2002, 2003, 2004, 2005, 2006, 2007"
Rasheed Wallace,"2000, 2001, 2006, 2008"
Ray Allen,"2000, 2001, 2002, 2004, 2005, 2006, 2007, 2008, 2009, 2011"
Michael Finley,"2000, 2001"
Jerry Stackhouse,"2000, 2001"
Allen Iverson,"2000, 2001, 2002, 2003, 2004, 2005, 2006, 2007, 2008, 2009, 2010"
Glenn Robinson,"2000, 2001"
Vlade Divac,2001
Antonio Davis,2001
Stephon Marbury,"2001, 2003"
Theo Ratliff,2001
Anthony Mason,2001
Tracy McGrady,"2001, 2002, 2003, 2004, 2005, 2006, 2007"
Antonio McDyess,2001
Paul Pierce,"2002, 2003, 2004, 2005, 2006, 2008, 2009, 2010, 2011, 2012"
Jermaine O'Neal,"2002, 2003, 2004, 2005, 2006, 2007"
Wally Szczerbiak,2002
Steve Nash,"2002, 2003, 2005, 2006, 2007, 2008, 2010, 2012"
Elton Brand,"2002, 2006"
Shareef Abdur-Rahim,2002
Peja Stojakovic,"2002, 2003, 2004"
Dirk Nowitzki,"2019, 2002, 2003, 2004, 2005, 2006, 2007, 2008, 2009, 2010, 2011, 2012, 2014, 2015"
Steve Francis,"2002, 2003, 2004"
Baron Davis,"2002, 2004"
Yao Ming,"2003, 2004, 2005, 2006, 2007, 2008, 2009, 2011"
Zydrunas Ilgauskas,"2003, 2005"
Ben Wallace,"2003, 2004, 2005, 2006"
Brad Miller,"2003, 2004"
Jamal Mashburn,2003
Shawn Marion,"2003, 2005, 2006, 2007"
Ron Artest,2004
Kenyon Martin,2004
Michael Redd,2004
Sam Cassell,2004
Jamaal Magloire,2004
Andrei Kirilenko,2004
Amar'e Stoudemire,"2005, 2007, 2008, 2009, 2010, 2011"
Dwyane Wade,"2016, 2019, 2005, 2006, 2007, 2008, 2009, 2010, 2011, 2012, 2013, 2014, 2015"
Manu Ginobili,"2011, 2005"
Rashard Lewis,"2009, 2005"
Gilbert Arenas,"2005, 2006, 2007"
LeBron James,"2005, 2006, 2007, 2008, 2009, 2010, 2011, 2012, 2013, 2014, 2015, 2016, 2017, 2018, 2019, 2020, 2021, 2022, 2023"
Antawn Jamison,"2008, 2005"
Tony Parker,"2006, 2007, 2009, 2012, 2013, 2014"
Chris Bosh,"2016, 2006, 2007, 2008, 2009, 2010, 2011, 2012, 2013, 2014, 2015"
Pau Gasol,"2016, 2006, 2009, 2010, 2011, 2015"
Chauncey Billups,"2006, 2007, 2008, 2009, 2010"
Richard Hamilton,"2008, 2006, 2007"
Caron Butler,"2008, 2007"
Carlos Boozer,"2008, 2007"
Dwight Howard,"2007, 2008, 2009, 2010, 2011, 2012, 2013, 2014"
Joe Johnson,"2007, 2008, 2009, 2010, 2011, 2012, 2014"
Mehmet Okur,2007
Carmelo Anthony,"2016, 2017, 2007, 2008, 2010, 2011, 2012, 2013, 2014, 2015"
Josh Howard,2007
Chris Paul,"2016, 2020, 2021, 2022, 2008, 2009, 2010, 2011, 2012, 2013, 2014, 2015"
Brandon Roy,"2008, 2009, 2010"
David West,"2008, 2009"
Jameer Nelson,2009
Devin Harris,2009
Danny Granger,2009
Mo Williams,2009
Deron Williams,"2010, 2011, 2012"
Chris Kaman,2010
Kevin Durant,"2016, 2017, 2018, 2019, 2021, 2022, 2023, 2010, 2011, 2012, 2013, 2014, 2015"
David Lee,"2010, 2013"
Gerald Wallace,2010
Rajon Rondo,"2010, 2011, 2012, 2013"
Derrick Rose,"2010, 2011, 2012"
Zach Randolph,"2010, 2013"
Al Horford,"2016, 2018, 2010, 2011, 2015"
Blake Griffin,"2019, 2011, 2012, 2013, 2014, 2015"
Kevin Love,"2017, 2018, 2011, 2012, 2014"
Russell Westbrook,"2016, 2017, 2018, 2019, 2020, 2011, 2012, 2013, 2015"
Andrew Bynum,2012
Luol Deng,"2012, 2013"
LaMarcus Aldridge,"2016, 2018, 2019, 2012, 2013, 2014, 2015"
Marc Gasol,"2017, 2012, 2015"
Roy Hibbert,"2012, 2014"
Andre Iguodala,2012
James Harden,"2016, 2017, 2018, 2019, 2020, 2021, 2022, 2013, 2014, 2015"
Paul George,"2016, 2017, 2018, 2019, 2021, 2023, 2013, 2014"
Tyson Chandler,2013
Joakim Noah,"2013, 2014"
Brook Lopez,2013
Kyrie Irving,"2017, 2018, 2019, 2021, 2023, 2013, 2014, 2015"
Jrue Holiday,"2013, 2023"
Stephen Curry,"2016, 2017, 2018, 2019, 2021, 2022, 2023, 2014, 2015"
Paul Millsap,"2016, 2017, 2014, 2015"
John Wall,"2016, 2017, 2018, 2014, 2015"
Anthony Davis,"2016, 2017, 2018, 2019, 2020, 2021, 2014, 2015"
DeMar DeRozan,"2016, 2017, 2018, 2022, 2023, 2014"
Damian Lillard,"2018, 2019, 2020, 2021, 2023, 2014, 2015"
Jimmy Butler,"2016, 2017, 2018, 2020, 2022, 2015"
Kyle Korver,2015
Kyle Lowry,"2016, 2017, 2018, 2019, 2020, 2015"
Jeff Teague,2015
Klay Thompson,"2016, 2017, 2018, 2019, 2015"
DeMarcus Cousins,"2016, 2017, 2018, 2015"
Draymond Green,"2016, 2017, 2018, 2022"
Kawhi Leonard,"2016, 2017, 2019, 2020, 2021"
Isaiah Thomas,"2016, 2017"
Andre Drummond,"2016, 2018"
DeAndre Jordan,2017
Kemba Walker,"2017, 2018, 2019, 2020"
Giannis Antetokounmpo,"2017, 2018, 2019, 2020, 2021, 2022, 2023"
Gordon Hayward,2017
Kristaps Porzingis,2018
Karl-Anthony Towns,"2018, 2019, 2022"
Bradley Beal,"2018, 2019, 2021"
Joel Embiid,"2018, 2019, 2020, 2021, 2022, 2023"
Goran Dragic,2018
Victor Oladipo,"2018, 2019"
Ben Simmons,"2019, 2020, 2021"
Nikola Vucevic,"2019, 2021"
Nikola Jokic,"2019, 2020, 2021, 2022, 2023"
D'Angelo Russell,2019
Khris Middleton,"2019, 2020, 2022"
Bam Adebayo,"2020, 2023"
Luka Doncic,"2020, 2021, 2022, 2023"
Trae Young,"2020, 2022"
Devin Booker,"2020, 2021, 2022"
Pascal Siakam,"2020, 2023"
Rudy Gobert,"2020, 2021, 2022"
Domantas Sabonis,"2020, 2021, 2023"
Jayson Tatum,"2020, 2021, 2022, 2023"
Donovan Mitchell,"2020, 2021, 2022, 2023"
Brandon Ingram,2020
Zach LaVine,"2021, 2022"
Julius Randle,"2021, 2023"
Mike Conley,2021
Zion Williamson,"2021, 2023"
Jaylen Brown,"2021, 2023"
Darius Garland,2022
Fred VanVleet,2022
LaMelo Ball,2022
Ja Morant,"2022, 2023"
Jarrett Allen,2022
Andrew Wiggins,2022
Dejounte Murray,2022
De'Aaron Fox,2023
Anthony Edwards,2023
Tyrese Haliburton,2023
Jaren Jackson Jr.,2023
Lauri Markkanen,2023
Shai Gilgeous-Alexander,2023
